,,,deaths_a,deaths_a,deaths_a,deaths_a,deaths_b,deaths_b,deaths_b,deaths_b,deaths_unknown,deaths_unknown,deaths_unknown,deaths_unknown,best,best,best,best
,,,sum,min,max,mean,sum,min,max,mean,sum,min,max,mean,sum,min,max,mean
region,country,year,,,,,,,,,,,,,,,,
Africa,Algeria,2018,15,0,7,1.5,17,0,8,1.7,1,0,1,0.1,35,0,11,3.5
Africa,Algeria,2019,0,0,0,0.0,14,0,3,1.5555555555555556,0,0,0,0.0,15,1,3,1.6666666666666667
Africa,Algeria,2020,5,0,2,0.29411764705882354,23,0,3,1.3529411764705883,0,0,0,0.0,28,1,3,1.6470588235294117
Africa,Algeria,2021,5,0,2,0.8333333333333334,8,0,4,1.3333333333333333,0,0,0,0.0,18,1,6,3.0
Africa,Algeria,2022,5,0,3,1.6666666666666667,9,0,7,3.0,0,0,0,0.0,14,3,7,4.666666666666667
Africa,Angola,2018,0,0,0,0.0,1,0,1,0.16666666666666666,0,0,0,0.0,24,0,14,4.0
Africa,Angola,2019,1,0,1,0.09090909090909091,9,0,2,0.8181818181818182,15,0,15,1.3636363636363635,26,0,15,2.3636363636363638
Africa,Angola,2020,0,0,0,0.0,7,0,2,0.2692307692307692,14,0,14,0.5384615384615384,29,0,14,1.1153846153846154
Africa,Angola,2021,0,0,0,0.0,0,0,0,0.0,0,0,0,0.0,13,1,10,3.25
Africa,Angola,2022,0,0,0,0.0,1,0,1,0.0625,19,0,19,1.1875,20,0,19,1.25
Africa,Benin,2019,0,0,0,0.0,0,0,0,0.0,0,0,0,0.0,1,1,1,1.0
Africa,Benin,2020,1,1,1,1.0,0,0,0,0.0,0,0,0,0.0,1,1,1,1.0
Africa,Benin,2021,4,0,2,0.6666666666666666,6,0,3,1.0,0,0,0,0.0,11,1,3,1.8333333333333333
Africa,Benin,2022,17,0,6,2.125,11,0,8,1.375,1,0,1,0.125,30,1,8,3.75
Africa,Burkina Faso,2018,66,0,10,1.0153846153846153,35,0,8,0.5384615384615384,0,0,0,0.0,195,0,16,3.0
Africa,Burkina Faso,2019,142,0,24,0.6396396396396397,201,0,30,0.9054054054054054,7,0,6,0.03153153153153153,1246,0,39,5.612612612612613
Africa,Burkina Faso,2020,179,0,14,1.0783132530120483,328,0,47,1.9759036144578312,95,0,22,0.572289156626506,1167,0,49,7.030120481927711
Africa,Burkina Faso,2021,364,0,53,1.905759162303665,538,0,58,2.816753926701571,57,0,20,0.29842931937172773,1458,0,160,7.633507853403142
Africa,Burkina Faso,2022,457,0,27,1.9201680672268908,1258,0,115,5.285714285714286,90,0,28,0.37815126050420167,2597,0,129,10.911764705882353
Africa,Burundi,2018,2,0,2,0.03389830508474576,2,0,1,0.03389830508474576,0,0,0,0.0,113,0,26,1.9152542372881356
Africa,Burundi,2019,2,0,2,0.04,14,0,14,0.28,0,0,0,0.0,75,0,16,1.5
Africa,Burundi,2020,29,0,19,0.3717948717948718,31,0,19,0.3974358974358974,0,0,0,0.0,145,0,24,1.858974358974359
Africa,Burundi,2021,13,0,12,0.26,0,0,0,0.0,0,0,0,0.0,81,0,12,1.62
Africa,Burundi,2022,0,0,0,0.0,0,0,0,0.0,0,0,0,0.0,38,0,1,0.926829268292683
Africa,Cameroon,2018,173,0,38,0.6892430278884463,381,0,29,1.5179282868525896,188,0,129,0.749003984063745,1007,0,129,4.01195219123506
Africa,Cameroon,2019,131,0,16,0.5282258064516129,317,0,64,1.278225806451613,179,0,14,0.7217741935483871,868,0,88,3.5
Africa,Cameroon,2020,65,0,5,0.24904214559386972,244,0,21,0.9348659003831418,51,0,6,0.19540229885057472,792,0,21,3.0344827586206895
Africa,Cameroon,2021,237,0,20,0.8618181818181818,248,0,20,0.9018181818181819,75,0,21,0.2727272727272727,806,0,28,2.930909090909091
Africa,Cameroon,2022,122,0,7,0.547085201793722,235,0,28,1.053811659192825,20,0,3,0.08968609865470852,665,0,33,2.9820627802690582
Africa,Central African Republic,2018,24,0,3,0.2727272727272727,49,0,33,0.5568181818181818,235,0,47,2.6704545454545454,640,0,112,7.2727272727272725
Africa,Central African Republic,2019,86,0,37,1.3870967741935485,91,0,41,1.467741935483871,165,0,59,2.661290322580645,491,0,59,7.919354838709677
Africa,Central African Republic,2020,22,0,4,0.39285714285714285,66,0,12,1.1785714285714286,117,0,39,2.0892857142857144,299,0,41,5.339285714285714
Africa,Central African Republic,2021,96,0,7,0.5748502994011976,222,0,44,1.3293413173652695,363,0,50,2.1736526946107784,1080,0,50,6.467065868263473
Africa,Central African Republic,2022,105,0,15,1.0,204,0,44,1.9428571428571428,124,0,35,1.180952380952381,773,0,67,7.3619047619047615
Africa,Chad,2018,51,0,36,4.25,89,0,48,7.416666666666667,0,0,0,0.0,168,0,56,14.0
Africa,Chad,2019,28,0,11,1.2173913043478262,114,0,63,4.956521739130435,65,0,33,2.8260869565217392,253,0,70,11.0
Africa,Chad,2020,82,0,26,3.1538461538461537,113,0,50,4.346153846153846,25,0,25,0.9615384615384616,249,0,53,9.576923076923077
Africa,Chad,2021,96,0,50,7.384615384615385,549,0,300,42.23076923076923,0,0,0,0.0,667,0,324,51.30769230769231
Africa,Chad,2022,41,0,20,3.727272727272727,21,0,11,1.9090909090909092,30,0,19,2.727272727272727,109,1,24,9.909090909090908
Africa,Congo,2019,0,0,0,0.0,0,0,0,0.0,0,0,0,0.0,0,0,0,0.0
Africa,Congo,2020,0,0,0,0.0,0,0,0,0.0,0,0,0,0.0,0,0,0,0.0
Africa,Congo,2022,0,0,0,0.0,0,0,0,0.0,0,0,0,0.0,3,0,3,1.5
Africa,DR Congo (Zaire),2018,714,0,175,1.5866666666666667,404,0,47,0.8977777777777778,1239,0,338,2.7533333333333334,3130,0,348,6.955555555555556
Africa,DR Congo (Zaire),2019,407,0,29,0.9292237442922374,492,0,45,1.1232876712328768,447,0,151,1.0205479452054795,2526,0,151,5.767123287671233
Africa,DR Congo (Zaire),2020,569,0,30,0.6888619854721549,764,0,40,0.9249394673123487,272,0,25,0.32929782082324455,3984,0,70,4.823244552058111
Africa,DR Congo (Zaire),2021,417,0,22,0.516728624535316,731,0,45,0.9058240396530359,107,0,56,0.1325898389095415,3722,0,62,4.612143742255267
Africa,DR Congo (Zaire),2022,581,0,40,0.49871244635193135,1032,0,45,0.8858369098712446,286,0,31,0.24549356223175967,5543,0,80,4.7579399141630905
Africa,Djibouti,2018,0,0,0,0.0,6,6,6,6.0,0,0,0,0.0,6,6,6,6.0
Africa,Djibouti,2021,0,0,0,0.0,0,0,0,0.0,3,3,3,3.0,3,3,3,3.0
Africa,Eritrea,2022,0,0,0,0.0,0,0,0,0.0,4,1,1,1.0,4,1,1,1.0
Africa,Ethiopia,2018,33,0,28,0.5409836065573771,227,0,200,3.721311475409836,194,0,26,3.180327868852459,702,0,200,11.508196721311476
Africa,Ethiopia,2019,35,0,7,0.625,21,0,7,0.375,211,0,45,3.767857142857143,378,0,45,6.75
Africa,Ethiopia,2020,583,0,207,2.4914529914529915,128,0,100,0.5470085470085471,1196,0,760,5.111111111111111,4896,0,760,20.923076923076923
Africa,Ethiopia,2021,5495,0,690,8.389312977099237,959,0,300,1.46412213740458,2055,0,700,3.1374045801526718,13637,0,700,20.819847328244276
Africa,Ethiopia,2022,165,0,40,0.1916376306620209,190,0,33,0.22067363530778164,100151,0,75340,116.31939605110337,102918,0,75340,119.53310104529616
Africa,Ghana,2022,0,0,0,0.0,0,0,0,0.0,12,1,7,4.0,12,1,7,4.0
Africa,Guinea,2019,0,0,0,0.0,0,0,0,0.0,0,0,0,0.0,1,1,1,1.0
Africa,Guinea,2020,0,0,0,0.0,0,0,0,0.0,49,2,30,16.333333333333332,49,2,30,16.333333333333332
Africa,Guinea,2021,0,0,0,0.0,0,0,0,0.0,1,1,1,1.0,1,1,1,1.0
Africa,Ivory Coast,2020,0,0,0,0.0,0,0,0,0.0,0,0,0,0.0,3,3,3,3.0
Africa,Kenya,2018,62,0,8,0.8985507246376812,33,0,10,0.4782608695652174,31,0,4,0.4492753623188406,164,0,10,2.3768115942028984
Africa,Kenya,2019,47,0,11,0.9215686274509803,34,0,7,0.6666666666666666,73,0,22,1.4313725490196079,188,0,22,3.6862745098039214
Africa,Kenya,2020,28,0,6,0.4307692307692308,63,0,12,0.9692307692307692,20,0,13,0.3076923076923077,151,0,13,2.3230769230769233
Africa,Kenya,2021,24,0,7,0.4444444444444444,37,0,15,0.6851851851851852,47,0,8,0.8703703703703703,135,0,15,2.5
Africa,Kenya,2022,12,0,4,0.3870967741935484,37,0,15,1.1935483870967742,11,0,5,0.3548387096774194,101,0,15,3.2580645161290325
Africa,Kingdom of eSwatini (Swaziland),2019,0,0,0,0.0,0,0,0,0.0,0,0,0,0.0,1,0,1,0.3333333333333333
Africa,Kingdom of eSwatini (Swaziland),2020,0,0,0,0.0,0,0,0,0.0,0,0,0,0.0,2,1,1,1.0
Africa,Kingdom of eSwatini (Swaziland),2021,0,0,0,0.0,0,0,0,0.0,0,0,0,0.0,48,0,11,4.363636363636363
Africa,Kingdom of eSwatini (Swaziland),2022,0,0,0,0.0,0,0,0,0.0,0,0,0,0.0,2,1,1,1.0
Africa,Liberia,2019,0,0,0,0.0,0,0,0,0.0,1,1,1,1.0,1,1,1,1.0
Africa,Liberia,2020,0,0,0,0.0,0,0,0,0.0,0,0,0,0.0,2,1,1,1.0
Africa,Libya,2018,185,0,51,1.5040650406504066,254,0,70,2.065040650406504,150,0,20,1.2195121951219512,670,0,70,5.4471544715447155
Africa,Libya,2019,255,0,20,1.3709677419354838,344,0,77,1.8494623655913978,898,0,219,4.827956989247312,1786,0,219,9.602150537634408
Africa,Libya,2020,173,0,40,1.3206106870229009,345,0,70,2.633587786259542,37,0,21,0.2824427480916031,689,0,70,5.259541984732825
Africa,Libya,2021,3,0,2,0.42857142857142855,9,0,7,1.2857142857142858,0,0,0,0.0,12,0,7,1.7142857142857142
Africa,Libya,2022,6,0,3,0.8571428571428571,7,0,4,1.0,0,0,0,0.0,13,0,7,1.8571428571428572
Africa,Madagascar (Malagasy),2019,0,0,0,0.0,0,0,0,0.0,0,0,0,0.0,3,0,3,1.0
Africa,Madagascar (Malagasy),2020,0,0,0,0.0,0,0,0,0.0,0,0,0,0.0,23,23,23,23.0
Africa,Mali,2018,199,0,17,0.8432203389830508,390,0,35,1.652542372881356,108,0,43,0.4576271186440678,1281,0,43,5.427966101694915
Africa,Mali,2019,395,0,49,1.984924623115578,278,0,33,1.3969849246231156,26,0,12,0.1306532663316583,1227,0,145,6.165829145728643
Africa,Mali,2020,337,0,30,1.4525862068965518,318,0,51,1.3706896551724137,333,0,101,1.4353448275862069,1509,0,101,6.504310344827586
Africa,Mali,2021,495,0,50,2.302325581395349,494,0,40,2.297674418604651,29,0,6,0.13488372093023257,1287,0,53,5.986046511627907
Africa,Mali,2022,603,0,46,1.488888888888889,920,0,57,2.271604938271605,328,0,100,0.8098765432098766,3641,0,313,8.990123456790123
Africa,Mauritania,2020,0,0,0,0.0,0,0,0,0.0,0,0,0,0.0,0,0,0,0.0
Africa,Morocco,2020,2,2,2,2.0,0,0,0,0.0,0,0,0,0.0,2,2,2,2.0
Africa,Morocco,2021,0,0,0,0.0,3,0,3,0.42857142857142855,0,0,0,0.0,6,0,3,0.8571428571428571
Africa,Morocco,2022,0,0,0,0.0,8,0,4,2.0,3,0,3,0.75,14,3,4,3.5
Africa,Mozambique,2018,6,0,3,0.12244897959183673,17,0,9,0.3469387755102041,30,0,7,0.6122448979591837,173,0,12,3.5306122448979593
Africa,Mozambique,2019,98,0,25,0.7903225806451613,159,0,31,1.282258064516129,19,0,3,0.1532258064516129,597,0,33,4.814516129032258
Africa,Mozambique,2020,337,0,60,1.5896226415094339,399,0,70,1.8820754716981132,81,0,15,0.38207547169811323,1625,0,130,7.665094339622642
Africa,Mozambique,2021,73,0,21,0.3492822966507177,454,0,35,2.172248803827751,71,0,8,0.3397129186602871,985,0,94,4.712918660287081
Africa,Mozambique,2022,131,0,16,0.4924812030075188,190,0,27,0.7142857142857143,44,0,5,0.16541353383458646,711,0,27,2.672932330827068
Africa,Niger,2018,28,0,7,1.12,50,0,15,2.0,26,0,17,1.04,181,0,47,7.24
Africa,Niger,2019,184,0,71,2.591549295774648,97,0,27,1.3661971830985915,1,0,1,0.014084507042253521,449,0,74,6.323943661971831
Africa,Niger,2020,141,0,89,2.073529411764706,384,0,110,5.647058823529412,2,0,2,0.029411764705882353,820,0,166,12.058823529411764
Africa,Niger,2021,154,0,29,1.9743589743589745,288,0,79,3.6923076923076925,37,0,30,0.47435897435897434,1130,0,170,14.487179487179487
Africa,Niger,2022,67,0,10,0.9852941176470589,430,0,54,6.323529411764706,28,0,14,0.4117647058823529,636,0,54,9.352941176470589
Africa,Nigeria,2018,767,0,70,1.4390243902439024,1476,0,40,2.769230769230769,402,0,55,0.7542213883677298,3226,0,70,6.052532833020638
Africa,Nigeria,2019,559,0,66,1.0854368932038836,1089,0,47,2.1145631067961164,310,0,37,0.6019417475728155,2443,0,72,4.7436893203883495
Africa,Nigeria,2020,614,0,70,0.9935275080906149,1606,0,105,2.598705501618123,247,0,35,0.39967637540453077,3048,0,170,4.932038834951456
Africa,Nigeria,2021,524,0,31,1.0234375,1757,0,81,3.431640625,602,0,101,1.17578125,3159,0,101,6.169921875
Africa,Nigeria,2022,386,0,40,0.8283261802575107,1662,0,200,3.5665236051502145,416,0,36,0.8927038626609443,2882,0,200,6.184549356223176
Africa,Rwanda,2018,2,2,2,2.0,4,4,4,4.0,0,0,0,0.0,6,6,6,6.0
Africa,Rwanda,2019,0,0,0,0.0,19,19,19,19.0,0,0,0,0.0,19,19,19,19.0
Africa,Rwanda,2022,1,1,1,1.0,2,2,2,2.0,0,0,0,0.0,4,4,4,4.0
Africa,Senegal,2018,0,0,0,0.0,0,0,0,0.0,0,0,0,0.0,1,1,1,1.0
Africa,Senegal,2020,0,0,0,0.0,0,0,0,0.0,0,0,0,0.0,0,0,0,0.0
Africa,Senegal,2021,0,0,0,0.0,0,0,0,0.0,0,0,0,0.0,0,0,0,0.0
Africa,Sierra Leone,2021,0,0,0,0.0,0,0,0,0.0,0,0,0,0.0,1,1,1,1.0
Africa,Somalia,2018,401,0,46,0.7924901185770751,1481,0,87,2.9268774703557314,342,0,51,0.6758893280632411,2496,0,93,4.932806324110672
Africa,Somalia,2019,255,0,20,0.5985915492957746,1384,0,66,3.248826291079812,301,0,43,0.7065727699530516,2219,0,86,5.208920187793427
Africa,Somalia,2020,253,0,15,0.6421319796954315,1494,0,127,3.7918781725888326,107,0,20,0.2715736040609137,2120,0,127,5.380710659898477
Africa,Somalia,2021,238,0,17,0.6102564102564103,1651,0,107,4.233333333333333,122,0,30,0.3128205128205128,2269,0,107,5.817948717948718
Africa,Somalia,2022,178,0,30,0.5266272189349113,2361,0,200,6.985207100591716,379,0,120,1.121301775147929,3115,0,200,9.215976331360947
Africa,South Africa,2018,0,0,0,0.0,0,0,0,0.0,11,0,10,3.6666666666666665,12,1,10,4.0
Africa,South Africa,2019,1,0,1,0.2,0,0,0,0.0,2,0,1,0.4,8,1,4,1.6
Africa,South Africa,2020,2,0,1,0.1111111111111111,1,0,1,0.05555555555555555,20,0,6,1.1111111111111112,29,0,6,1.6111111111111112
Africa,South Africa,2021,44,0,33,3.6666666666666665,4,0,2,0.3333333333333333,75,0,49,6.25,123,1,49,10.25
Africa,South Africa,2022,1,0,1,0.25,1,0,1,0.25,2,0,2,0.5,4,0,2,1.0
Africa,South Sudan,2018,284,0,60,1.8205128205128205,115,0,18,0.7371794871794872,382,0,84,2.448717948717949,1217,0,128,7.801282051282051
Africa,South Sudan,2019,81,0,17,1.1911764705882353,71,0,22,1.0441176470588236,340,0,81,5.0,642,0,81,9.441176470588236
Africa,South Sudan,2020,42,0,12,0.6666666666666666,54,0,11,0.8571428571428571,563,0,297,8.936507936507937,748,0,300,11.873015873015873
Africa,South Sudan,2021,98,0,37,1.7818181818181817,101,0,65,1.8363636363636364,641,0,156,11.654545454545454,891,1,156,16.2
Africa,South Sudan,2022,59,0,32,1.7352941176470589,23,0,19,0.6764705882352942,362,0,235,10.647058823529411,723,0,235,21.264705882352942
Africa,Sudan,2018,128,0,18,1.2673267326732673,46,0,4,0.45544554455445546,161,0,36,1.5940594059405941,432,0,36,4.2772277227722775
Africa,Sudan,2019,33,0,22,0.358695652173913,44,0,20,0.4782608695652174,171,0,40,1.858695652173913,435,0,98,4.728260869565218
Africa,Sudan,2020,67,0,27,0.9710144927536232,128,0,42,1.855072463768116,359,0,85,5.202898550724638,620,0,85,8.985507246376812
Africa,Sudan,2021,68,0,48,0.8831168831168831,164,0,109,2.1298701298701297,504,0,144,6.545454545454546,862,0,163,11.194805194805195
Africa,Sudan,2022,396,0,114,3.6,227,0,124,2.0636363636363635,688,0,201,6.254545454545455,1407,1,237,12.790909090909091
Africa,Tanzania,2018,0,0,0,0.0,0,0,0,0.0,0,0,0,0.0,1,1,1,1.0
Africa,Tanzania,2019,0,0,0,0.0,0,0,0,0.0,0,0,0,0.0,8,1,6,2.6666666666666665
Africa,Tanzania,2020,4,0,3,0.23529411764705882,0,0,0,0.0,0,0,0,0.0,44,0,22,2.588235294117647
Africa,Tanzania,2021,5,0,3,0.625,8,0,5,1.0,1,0,1,0.125,26,1,5,3.25
Africa,Tanzania,2022,0,0,0,0.0,0,0,0,0.0,2,0,2,0.6666666666666666,4,1,2,1.3333333333333333
Africa,Togo,2019,0,0,0,0.0,0,0,0,0.0,0,0,0,0.0,1,1,1,1.0
Africa,Togo,2022,12,0,8,1.5,15,0,15,1.875,0,0,0,0.0,62,1,23,7.75
Africa,Tunisia,2018,12,0,9,0.9230769230769231,10,0,2,0.7692307692307693,2,0,2,0.15384615384615385,25,1,9,1.9230769230769231
Africa,Tunisia,2019,3,0,1,0.3333333333333333,16,0,3,1.7777777777777777,0,0,0,0.0,20,1,4,2.2222222222222223
Africa,Tunisia,2020,2,0,1,0.4,9,0,3,1.8,0,0,0,0.0,12,1,4,2.4
Africa,Tunisia,2021,4,0,4,0.4444444444444444,8,0,5,0.8888888888888888,1,0,1,0.1111111111111111,18,0,5,2.0
Africa,Tunisia,2022,0,0,0,0.0,3,3,3,3.0,0,0,0,0.0,3,3,3,3.0
Africa,Uganda,2018,0,0,0,0.0,0,0,0,0.0,0,0,0,0.0,2,1,1,1.0
Africa,Uganda,2019,0,0,0,0.0,0,0,0,0.0,0,0,0,0.0,2,1,1,1.0
Africa,Uganda,2021,0,0,0,0.0,15,0,4,1.25,1,0,1,0.08333333333333333,23,0,4,1.9166666666666667
Africa,Uganda,2022,1,0,1,0.16666666666666666,23,0,17,3.8333333333333335,0,0,0,0.0,25,0,19,4.166666666666667
Africa,Zimbabwe (Rhodesia),2018,0,0,0,0.0,0,0,0,0.0,0,0,0,0.0,4,1,3,2.0
Africa,Zimbabwe (Rhodesia),2019,0,0,0,0.0,0,0,0,0.0,0,0,0,0.0,8,0,2,1.0
Africa,Zimbabwe (Rhodesia),2020,0,0,0,0.0,0,0,0,0.0,0,0,0,0.0,2,2,2,2.0
Americas,Bolivia,2021,0,0,0,0.0,1,1,1,1.0,0,0,0,0.0,1,1,1,1.0
Americas,Brazil,2018,36,0,18,0.35294117647058826,27,0,10,0.2647058823529412,2321,0,1906,22.754901960784313,2390,0,1906,23.431372549019606
Americas,Brazil,2019,4,0,2,0.007462686567164179,72,0,62,0.13432835820895522,1498,0,739,2.794776119402985,1627,0,739,3.03544776119403
Americas,Brazil,2020,15,0,2,0.023809523809523808,32,0,6,0.050793650793650794,2420,0,721,3.8412698412698414,2522,0,721,4.003174603174603
Americas,Brazil,2021,38,0,4,0.06397306397306397,53,0,6,0.08922558922558922,2198,0,98,3.7003367003367003,2369,0,98,3.9882154882154883
Americas,Brazil,2022,60,0,3,0.044676098287416234,65,0,3,0.04839910647803425,1223,0,6,0.9106478034251675,1500,0,6,1.1169024571854058
Americas,Colombia,2018,39,0,6,0.312,89,0,18,0.712,2,0,2,0.016,239,0,18,1.912
Americas,Colombia,2019,46,0,21,0.5411764705882353,76,0,10,0.8941176470588236,13,0,7,0.15294117647058825,189,0,22,2.223529411764706
Americas,Colombia,2020,16,0,6,0.15384615384615385,20,0,8,0.19230769230769232,3,0,1,0.028846153846153848,155,0,9,1.4903846153846154
Americas,Colombia,2021,40,0,5,0.3252032520325203,63,0,14,0.5121951219512195,28,0,7,0.22764227642276422,227,0,19,1.8455284552845528
Americas,Colombia,2022,21,0,7,0.3620689655172414,49,0,23,0.8448275862068966,36,0,10,0.6206896551724138,153,0,23,2.6379310344827585
Americas,Ecuador,2019,1,1,1,1.0,1,1,1,1.0,0,0,0,0.0,2,2,2,2.0
Americas,Ecuador,2021,0,0,0,0.0,0,0,0,0.0,291,4,118,36.375,291,4,118,36.375
Americas,Ecuador,2022,0,0,0,0.0,0,0,0,0.0,115,1,44,12.777777777777779,115,1,44,12.777777777777779
Americas,El Salvador,2019,0,0,0,0.0,0,0,0,0.0,0,0,0,0.0,1,1,1,1.0
Americas,El Salvador,2021,0,0,0,0.0,0,0,0,0.0,0,0,0,0.0,1,1,1,1.0
Americas,El Salvador,2022,0,0,0,0.0,0,0,0,0.0,88,1,6,1.2941176470588236,88,1,6,1.2941176470588236
Americas,Guatemala,2022,6,0,6,3.0,0,0,0,0.0,6,0,6,3.0,12,6,6,6.0
Americas,Haiti,2018,0,0,0,0.0,0,0,0,0.0,71,71,71,71.0,71,71,71,71.0
Americas,Haiti,2019,0,0,0,0.0,0,0,0,0.0,0,0,0,0.0,1,1,1,1.0
Americas,Haiti,2020,0,0,0,0.0,0,0,0,0.0,2,0,2,0.0425531914893617,165,1,39,3.5106382978723403
Americas,Haiti,2021,13,0,10,0.5909090909090909,17,0,15,0.7727272727272727,8,0,3,0.36363636363636365,131,1,25,5.954545454545454
Americas,Haiti,2022,8,0,8,0.12307692307692308,16,0,16,0.24615384615384617,87,0,27,1.3384615384615384,236,0,47,3.6307692307692307
Americas,Honduras,2019,0,0,0,0.0,0,0,0,0.0,40,4,18,13.333333333333334,40,4,18,13.333333333333334
Americas,Honduras,2020,1,1,1,1.0,0,0,0,0.0,0,0,0,0.0,1,1,1,1.0
Americas,Honduras,2021,0,0,0,0.0,0,0,0,0.0,5,0,5,2.5,6,1,5,3.0
Americas,Honduras,2022,0,0,0,0.0,0,0,0,0.0,0,0,0,0.0,4,4,4,4.0
Americas,Mexico,2018,17,0,6,0.02390998593530239,44,0,15,0.06188466947960619,8736,0,1162,12.286919831223628,8824,0,1162,12.410689170182842
Americas,Mexico,2019,66,0,15,0.064453125,75,0,10,0.0732421875,11829,0,275,11.5517578125,12002,0,275,11.720703125
Americas,Mexico,2020,54,0,12,0.02607436021245775,49,0,18,0.023660067600193145,16244,0,1162,7.843553838725254,16464,0,1162,7.949782713664896
Americas,Mexico,2021,167,0,20,0.044261860588391204,99,0,9,0.026239067055393587,18446,0,344,4.888947786906971,18850,0,344,4.996024383779486
Americas,Mexico,2022,78,0,7,0.0346512661039538,78,0,18,0.0346512661039538,13940,0,1881,6.192803198578409,14254,0,1881,6.33229675699689
Americas,Paraguay,2018,0,0,0,0.0,0,0,0,0.0,0,0,0,0.0,1,1,1,1.0
Americas,Paraguay,2020,0,0,0,0.0,0,0,0,0.0,0,0,0,0.0,1,1,1,1.0
Americas,Paraguay,2021,0,0,0,0.0,0,0,0,0.0,0,0,0,0.0,4,4,4,4.0
Americas,Peru,2019,0,0,0,0.0,0,0,0,0.0,0,0,0,0.0,2,2,2,2.0
Americas,Peru,2020,0,0,0,0.0,0,0,0,0.0,5,0,5,1.6666666666666667,11,3,5,3.6666666666666665
Americas,Peru,2021,0,0,0,0.0,4,0,3,1.3333333333333333,14,0,14,4.666666666666667,20,1,16,6.666666666666667
Americas,Peru,2022,3,0,2,1.0,10,0,10,3.3333333333333335,1,0,1,0.3333333333333333,14,1,12,4.666666666666667
Americas,United States of America,2018,0,0,0,0.0,0,0,0,0.0,0,0,0,0.0,1,1,1,1.0
Americas,United States of America,2019,1,1,1,1.0,3,3,3,3.0,0,0,0,0.0,4,4,4,4.0
Americas,United States of America,2022,0,0,0,0.0,0,0,0,0.0,1,1,1,1.0,1,1,1,1.0
Americas,Venezuela,2018,0,0,0,0.0,0,0,0,0.0,0,0,0,0.0,86,0,4,0.9662921348314607
Americas,Venezuela,2019,0,0,0,0.0,0,0,0,0.0,0,0,0,0.0,83,0,3,1.0921052631578947
Americas,Venezuela,2020,0,0,0,0.0,0,0,0,0.0,1,0,1,0.25,5,1,2,1.25
Americas,Venezuela,2021,0,0,0,0.0,0,0,0,0.0,0,0,0,0.0,21,1,19,7.0
Americas,Venezuela,2022,0,0,0,0.0,0,0,0,0.0,4,0,1,0.2857142857142857,24,1,4,1.7142857142857142
Asia,Afghanistan,2018,4298,0,150,1.1544453397797476,19877,0,292,5.338973945742681,856,0,139,0.22992210582863282,26889,0,576,7.222401289282836
Asia,Afghanistan,2019,4568,0,126,0.9756514310123878,23815,0,100,5.086501495087569,293,0,26,0.06258009397693294,30435,0,130,6.500427167876976
Asia,Afghanistan,2020,5715,0,1562,1.7229424178474526,13341,0,170,4.0220078384082,131,0,26,0.03949351823937293,20834,0,1562,6.280976786252638
Asia,Afghanistan,2021,3526,0,65,0.7814716312056738,30824,0,190,6.831560283687943,286,0,144,0.06338652482269504,36386,0,190,8.06427304964539
Asia,Afghanistan,2022,421,0,39,1.0369458128078817,333,0,43,0.8201970443349754,74,0,26,0.18226600985221675,1545,0,66,3.8054187192118225
Asia,Australia,2018,0,0,0,0.0,1,0,1,0.5,0,0,0,0.0,2,1,1,1.0
Asia,Bangladesh,2018,10,0,1,0.5,8,0,3,0.4,7,0,6,0.35,28,0,6,1.4
Asia,Bangladesh,2019,0,0,0,0.0,3,0,2,1.0,0,0,0,0.0,3,0,2,1.0
Asia,Bangladesh,2020,0,0,0,0.0,1,0,1,0.2,0,0,0,0.0,5,1,1,1.0
Asia,Bangladesh,2021,0,0,0,0.0,1,0,1,0.3333333333333333,0,0,0,0.0,2,0,1,0.6666666666666666
Asia,Bangladesh,2022,1,0,1,0.125,3,0,3,0.375,0,0,0,0.0,13,1,4,1.625
Asia,India,2018,228,0,9,0.4769874476987448,534,0,34,1.1171548117154813,10,0,6,0.02092050209205021,950,0,34,1.9874476987447698
Asia,India,2019,181,0,45,0.5112994350282486,371,0,12,1.0480225988700564,22,0,6,0.062146892655367235,734,0,46,2.073446327683616
Asia,India,2020,160,0,17,0.41131105398457585,432,0,20,1.1105398457583548,16,0,4,0.04113110539845758,754,0,24,1.9383033419023137
Asia,India,2021,114,0,22,0.41155234657039713,312,0,26,1.1263537906137184,7,0,3,0.02527075812274368,523,0,26,1.888086642599278
Asia,India,2022,55,0,5,0.21235521235521235,242,0,4,0.9343629343629344,7,0,1,0.02702702702702703,386,1,7,1.4903474903474903
Asia,Indonesia,2018,4,0,2,0.5714285714285714,1,0,1,0.14285714285714285,17,0,16,2.4285714285714284,32,1,17,4.571428571428571
Asia,Indonesia,2019,9,0,3,0.9,1,0,1,0.1,3,0,3,0.3,16,0,4,1.6
Asia,Indonesia,2020,12,0,8,0.8571428571428571,8,0,2,0.5714285714285714,0,0,0,0.0,22,0,8,1.5714285714285714
Asia,Indonesia,2021,19,0,4,0.5757575757575758,26,0,9,0.7878787878787878,1,0,1,0.030303030303030304,53,0,9,1.606060606060606
Asia,Indonesia,2022,14,0,3,0.6086956521739131,7,0,2,0.30434782608695654,0,0,0,0.0,52,1,10,2.260869565217391
Asia,Kyrgyzstan,2021,4,0,3,1.3333333333333333,0,0,0,0.0,6,0,6,2.0,40,1,38,13.333333333333334
Asia,Kyrgyzstan,2022,40,0,40,10.0,1,0,1,0.25,21,0,21,5.25,64,1,61,16.0
Asia,Myanmar (Burma),2018,42,0,10,0.5915492957746479,38,0,12,0.5352112676056338,4,0,3,0.056338028169014086,122,0,19,1.7183098591549295
Asia,Myanmar (Burma),2019,352,0,209,2.3945578231292517,47,0,5,0.3197278911564626,104,0,38,0.7074829931972789,587,0,209,3.993197278911565
Asia,Myanmar (Burma),2020,39,0,10,0.5492957746478874,6,0,2,0.08450704225352113,1,0,1,0.014084507042253521,196,0,17,2.76056338028169
Asia,Myanmar (Burma),2021,453,0,30,0.5348288075560803,288,0,26,0.3400236127508855,199,0,20,0.23494687131050768,1766,0,56,2.0850059031877213
Asia,Myanmar (Burma),2022,376,0,30,0.2446324007807417,849,0,30,0.5523747560182173,290,0,29,0.18867924528301888,2750,0,75,1.789199739752765
Asia,Nepal,2022,0,0,0,0.0,0,0,0,0.0,0,0,0,0.0,1,1,1,1.0
Asia,Pakistan,2018,104,0,11,1.1304347826086956,82,0,9,0.8913043478260869,0,0,0,0.0,483,0,149,5.25
Asia,Pakistan,2019,112,0,14,1.1313131313131313,87,0,9,0.8787878787878788,0,0,0,0.0,293,0,21,2.95959595959596
Asia,Pakistan,2020,147,0,7,1.013793103448276,173,0,10,1.193103448275862,17,0,7,0.11724137931034483,409,0,14,2.820689655172414
Asia,Pakistan,2021,193,0,11,1.0211640211640212,192,0,11,1.0158730158730158,14,0,5,0.07407407407407407,448,0,13,2.3703703703703702
Asia,Pakistan,2022,231,0,10,0.8309352517985612,365,0,25,1.3129496402877698,11,0,5,0.039568345323741004,700,0,64,2.5179856115107913
Asia,Papua New Guinea,2019,6,0,6,2.0,22,1,15,7.333333333333333,0,0,0,0.0,28,6,15,9.333333333333334
Asia,Papua New Guinea,2021,7,0,7,1.75,7,0,7,1.75,24,0,12,6.0,38,7,12,9.5
Asia,Papua New Guinea,2022,1,0,1,0.1,0,0,0,0.0,95,0,31,9.5,101,0,31,10.1
Asia,Philippines,2018,80,0,6,0.6504065040650406,331,0,41,2.6910569105691056,2,0,2,0.016260162601626018,436,0,41,3.5447154471544717
Asia,Philippines,2019,82,0,6,0.6307692307692307,212,0,20,1.6307692307692307,16,0,7,0.12307692307692308,364,0,23,2.8
Asia,Philippines,2020,69,0,12,0.43670886075949367,268,0,15,1.6962025316455696,1,0,1,0.006329113924050633,376,0,15,2.3797468354430378
Asia,Philippines,2021,48,0,5,0.3356643356643357,234,0,19,1.6363636363636365,0,0,0,0.0,310,0,19,2.167832167832168
Asia,Philippines,2022,35,0,3,0.28,187,0,8,1.496,0,0,0,0.0,233,1,10,1.864
Asia,Sri Lanka,2019,0,0,0,0.0,0,0,0,0.0,0,0,0,0.0,255,2,122,63.75
Asia,Tajikistan,2018,0,0,0,0.0,0,0,0,0.0,0,0,0,0.0,4,4,4,4.0
Asia,Tajikistan,2019,1,1,1,1.0,3,3,3,3.0,0,0,0,0.0,4,4,4,4.0
Asia,Tajikistan,2021,8,0,8,1.6,0,0,0,0.0,0,0,0,0.0,16,1,8,3.2
Asia,Tajikistan,2022,0,0,0,0.0,40,0,10,1.4814814814814814,16,0,11,0.5925925925925926,88,1,21,3.259259259259259
Asia,Thailand,2018,23,0,3,0.575,8,0,2,0.2,1,0,1,0.025,61,0,5,1.525
Asia,Thailand,2019,35,0,15,1.2962962962962963,12,0,2,0.4444444444444444,0,0,0,0.0,60,1,15,2.2222222222222223
Asia,Thailand,2020,19,0,1,0.5757575757575758,27,0,6,0.8181818181818182,0,0,0,0.0,47,1,6,1.4242424242424243
Asia,Thailand,2021,16,0,2,0.5714285714285714,20,0,3,0.7142857142857143,0,0,0,0.0,41,1,4,1.4642857142857142
Asia,Thailand,2022,9,0,2,0.36,16,0,3,0.64,0,0,0,0.0,34,0,3,1.36
Europe,Armenia,2018,0,0,0,0.0,1,1,1,1.0,0,0,0,0.0,1,1,1,1.0
Europe,Armenia,2019,0,0,0,0.0,1,0,1,0.5,0,0,0,0.0,2,1,1,1.0
Europe,Armenia,2020,1,0,1,0.125,2,0,2,0.25,2,0,2,0.25,10,1,2,1.25
Europe,Armenia,2021,1,0,1,0.125,9,0,3,1.125,0,0,0,0.0,10,1,3,1.25
Europe,Armenia,2022,40,0,14,5.0,112,1,35,14.0,0,0,0,0.0,154,1,49,19.25
Europe,Austria,2020,0,0,0,0.0,0,0,0,0.0,0,0,0,0.0,4,4,4,4.0
Europe,Azerbaijan,2018,5,0,1,0.29411764705882354,11,0,2,0.6470588235294118,0,0,0,0.0,16,0,2,0.9411764705882353
Europe,Azerbaijan,2019,5,0,1,0.5,3,0,1,0.3,0,0,0,0.0,9,0,1,0.9
Europe,Azerbaijan,2020,3465,0,2869,24.574468085106382,4029,0,2630,28.574468085106382,0,0,0,0.0,7636,0,5502,54.156028368794324
Europe,Azerbaijan,2021,11,0,4,0.6111111111111112,7,0,3,0.3888888888888889,0,0,0,0.0,30,0,7,1.6666666666666667
Europe,Azerbaijan,2022,43,0,14,4.777777777777778,108,0,35,12.0,0,0,0,0.0,154,1,49,17.11111111111111
Europe,Belgium,2018,2,0,2,1.0,1,0,1,0.5,0,0,0,0.0,4,1,3,2.0
Europe,France,2018,1,0,1,0.125,3,0,1,0.375,0,0,0,0.0,13,0,5,1.625
Europe,Poland,2022,0,0,0,0.0,0,0,0,0.0,0,0,0,0.0,2,2,2,2.0
Europe,Russia (Soviet Union),2018,5,0,2,0.23809523809523808,26,0,4,1.2380952380952381,1,0,1,0.047619047619047616,38,1,6,1.8095238095238095
Europe,Russia (Soviet Union),2019,3,0,1,0.25,23,1,3,1.9166666666666667,0,0,0,0.0,26,1,3,2.1666666666666665
Europe,Russia (Soviet Union),2020,2,0,1,0.1111111111111111,29,0,6,1.6111111111111112,1,0,1,0.05555555555555555,33,0,6,1.8333333333333333
Europe,Russia (Soviet Union),2021,0,0,0,0.0,2,1,1,1.0,0,0,0,0.0,2,1,1,1.0
Europe,Russia (Soviet Union),2022,23,0,6,0.8214285714285714,7,0,4,0.25,1,0,1,0.03571428571428571,57,1,8,2.0357142857142856
Europe,Ukraine,2018,99,0,5,0.6470588235294118,74,0,7,0.48366013071895425,19,0,8,0.12418300653594772,243,0,8,1.588235294117647
Europe,Ukraine,2019,116,0,4,0.5829145728643216,173,0,11,0.8693467336683417,0,0,0,0.0,311,1,11,1.5628140703517588
Europe,Ukraine,2020,75,0,5,0.5172413793103449,99,0,5,0.6827586206896552,1,0,1,0.006896551724137931,196,0,6,1.3517241379310345
Europe,Ukraine,2021,93,0,4,0.5568862275449101,95,0,5,0.5688622754491018,2,0,1,0.011976047904191617,208,0,5,1.2455089820359282
Europe,Ukraine,2022,30471,0,4496,6.317851959361393,13509,0,6916,2.800953763217914,18843,0,16368,3.906904416338379,82609,0,16368,17.12813601492847
Europe,United Kingdom,2019,0,0,0,0.0,1,0,1,0.3333333333333333,0,0,0,0.0,4,1,2,1.3333333333333333
Middle East,Egypt,2018,75,0,20,0.872093023255814,594,0,30,6.906976744186046,2,0,2,0.023255813953488372,692,0,34,8.046511627906977
Middle East,Egypt,2019,161,0,14,1.3416666666666666,426,0,34,3.55,2,0,2,0.016666666666666666,664,0,34,5.533333333333333
Middle East,Egypt,2020,158,0,10,1.2741935483870968,326,0,75,2.629032258064516,0,0,0,0.0,547,0,75,4.411290322580645
Middle East,Egypt,2021,69,0,9,1.078125,26,0,13,0.40625,2,0,2,0.03125,124,0,22,1.9375
Middle East,Egypt,2022,122,0,12,1.7941176470588236,96,0,11,1.411764705882353,5,0,4,0.07352941176470588,236,0,17,3.4705882352941178
Middle East,Iran,2018,28,0,11,1.5555555555555556,57,0,9,3.1666666666666665,5,0,5,0.2777777777777778,92,1,17,5.111111111111111
Middle East,Iran,2019,44,0,27,0.4943820224719101,15,0,5,0.16853932584269662,0,0,0,0.0,313,0,28,3.5168539325842696
Middle East,Iran,2020,18,0,3,0.6923076923076923,23,0,4,0.8846153846153846,0,0,0,0.0,246,0,176,9.461538461538462
Middle East,Iran,2021,20,0,5,0.5882352941176471,31,0,7,0.9117647058823529,5,0,4,0.14705882352941177,82,0,10,2.411764705882353
Middle East,Iran,2022,5,0,5,0.10638297872340426,3,0,3,0.06382978723404255,11,0,11,0.23404255319148937,382,1,45,8.127659574468085
Middle East,Iraq,2018,178,0,27,0.6846153846153846,972,0,60,3.7384615384615385,78,0,25,0.3,1442,0,64,5.546153846153846
Middle East,Iraq,2019,184,0,11,0.7104247104247104,510,0,15,1.9691119691119692,35,0,13,0.13513513513513514,914,0,29,3.528957528957529
Middle East,Iraq,2020,178,0,6,0.6872586872586872,571,0,42,2.2046332046332044,66,0,11,0.2548262548262548,916,0,42,3.5366795366795367
Middle East,Iraq,2021,275,0,13,0.8160237388724035,444,0,27,1.317507418397626,25,0,8,0.07418397626112759,964,0,35,2.8605341246290803
Middle East,Iraq,2022,160,0,12,0.5574912891986062,623,0,23,2.1707317073170733,22,0,12,0.07665505226480836,855,0,23,2.9790940766550524
Middle East,Israel,2018,4,0,2,0.08163265306122448,42,0,6,0.8571428571428571,12,0,3,0.24489795918367346,75,0,7,1.530612244897959
Middle East,Israel,2019,2,0,1,0.045454545454545456,41,0,3,0.9318181818181818,1,0,1,0.022727272727272728,83,0,9,1.8863636363636365
Middle East,Israel,2020,0,0,0,0.0,3,0,2,0.6,3,0,3,0.6,8,1,3,1.6
Middle East,Israel,2021,2,0,1,0.018867924528301886,107,0,15,1.009433962264151,5,0,2,0.04716981132075472,280,1,46,2.641509433962264
Middle East,Israel,2022,5,0,2,0.1111111111111111,64,0,15,1.4222222222222223,6,0,2,0.13333333333333333,98,1,16,2.1777777777777776
Middle East,Lebanon,2018,1,1,1,1.0,1,1,1,1.0,0,0,0,0.0,2,2,2,2.0
Middle East,Lebanon,2020,8,0,4,2.0,11,0,9,2.75,0,0,0,0.0,20,3,9,5.0
Middle East,Saudi Arabia,2018,0,0,0,0.0,5,0,2,0.625,0,0,0,0.0,11,0,3,1.375
Middle East,Saudi Arabia,2019,1,0,1,0.14285714285714285,4,0,1,0.5714285714285714,0,0,0,0.0,6,0,1,0.8571428571428571
Middle East,Saudi Arabia,2020,0,0,0,0.0,0,0,0,0.0,0,0,0,0.0,0,0,0,0.0
Middle East,Saudi Arabia,2021,0,0,0,0.0,1,0,1,0.3333333333333333,0,0,0,0.0,6,1,3,2.0
Middle East,Syria,2018,7525,0,227,2.1155468091087997,6228,0,456,1.7509136913129042,1491,0,63,0.4191734607815575,21726,0,600,6.10795614281698
Middle East,Syria,2019,4277,0,65,1.795549958018472,3544,0,62,1.487825356842989,748,0,175,0.3140218303946264,11208,0,230,4.7052896725440805
Middle East,Syria,2020,3109,0,305,2.7271929824561405,1786,0,75,1.5666666666666667,66,0,8,0.05789473684210526,5690,0,305,4.991228070175438
Middle East,Syria,2021,934,0,26,1.1404151404151404,554,0,43,0.6764346764346765,47,0,14,0.057387057387057384,1942,0,43,2.371184371184371
Middle East,Syria,2022,885,0,246,1.1538461538461537,398,0,79,0.5189048239895697,54,0,15,0.07040417209908735,1637,0,332,2.134289439374185
Middle East,Turkey,2018,51,0,8,0.3090909090909091,378,0,18,2.290909090909091,0,0,0,0.0,435,0,18,2.6363636363636362
Middle East,Turkey,2019,37,0,4,0.2642857142857143,238,0,7,1.7,0,0,0,0.0,307,1,8,2.192857142857143
Middle East,Turkey,2020,8,0,2,0.07547169811320754,182,0,6,1.7169811320754718,1,0,1,0.009433962264150943,206,0,6,1.9433962264150944
Middle East,Turkey,2021,4,0,1,0.05194805194805195,125,0,12,1.6233766233766234,1,0,1,0.012987012987012988,131,0,12,1.7012987012987013
Middle East,Turkey,2022,6,0,3,0.10714285714285714,73,0,4,1.3035714285714286,6,0,6,0.10714285714285714,85,0,6,1.5178571428571428
Middle East,United Arab Emirates,2022,0,0,0,0.0,0,0,0,0.0,0,0,0,0.0,3,3,3,3.0
Middle East,Yemen (North Yemen),2018,2252,0,150,6.662721893491124,705,0,40,2.0857988165680474,1275,0,164,3.772189349112426,4852,0,180,14.355029585798816
Middle East,Yemen (North Yemen),2019,1171,0,201,4.167259786476868,722,0,200,2.5693950177935942,388,0,118,1.3807829181494662,2911,0,201,10.359430604982206
Middle East,Yemen (North Yemen),2020,4374,0,546,6.677862595419847,711,0,116,1.085496183206107,968,0,220,1.4778625954198474,6743,0,546,10.294656488549618
Middle East,Yemen (North Yemen),2021,18228,0,8355,23.765319426336376,3834,0,1504,4.998696219035202,691,0,158,0.9009126466753585,23462,0,8355,30.589308996088658
Middle East,Yemen (North Yemen),2022,1809,0,240,3.993377483443709,518,0,60,1.1434878587196469,79,0,29,0.17439293598233996,3199,0,240,7.061810154525387
